-- 4.
CREATE SEQUENCE FAN_SEQ START WITH 1;
CREATE SEQUENCE CLUB_DE_FANI_SEQ START WITH 1;
CREATE SEQUENCE ANTRENOR_SEQ START WITH 1;
CREATE SEQUENCE CENTRU_ANTRENAMENT_SEQ START WITH 1;
CREATE SEQUENCE CLUB_DE_FOTBAL_SEQ START WITH 1;
CREATE SEQUENCE STADION_SEQ START WITH 1;
CREATE SEQUENCE MECI_SEQ START WITH 1;
CREATE SEQUENCE JUCATOR_SEQ START WITH 1;
CREATE SEQUENCE ANTRENAMENT_SEQ START WITH 1;
CREATE SEQUENCE RECUPERARE_SEQ START WITH 1;
CREATE SEQUENCE FIZIOTERAPEUT_SEQ START WITH 1;

--Tabelul CLUB_DE_FANI
CREATE TABLE CLUB_DE_FANI (
    ID_CLUB_DE_FANI INT DEFAULT CLUB_DE_FANI_SEQ.NEXTVAL PRIMARY KEY,
    NUME VARCHAR2(50) NOT NULL,
    DATA_INFIINTARE DATE
);

--Tabelul FAN
CREATE TABLE FAN (
    ID_FAN INT DEFAULT FAN_SEQ.NEXTVAL PRIMARY KEY,
    ID_CLUB_DE_FANI INT,
    NUME VARCHAR2(50) NOT NULL,
    PRENUME VARCHAR2(50) NOT NULL,
    SALARIU INT NOT NULL,
    FOREIGN KEY (ID_CLUB_DE_FANI) REFERENCES CLUB_DE_FANI(ID_CLUB_DE_FANI)
);

--Tabelul ANTRENOR
CREATE TABLE ANTRENOR (
    ID_ANTRENOR INT DEFAULT ANTRENOR_SEQ.NEXTVAL PRIMARY KEY,
    NUME VARCHAR2(50) NOT NULL,
    PRENUME VARCHAR2(50) NOT NULL,
    VARSTA INT NOT NULL,
    TIP_LICENTA VARCHAR(5),
    DURATA_CONTRACT VARCHAR2(50),
    SALARIU INT NOT NULL,
    CONSTRAINT VARSTA_CHECK CHECK (VARSTA >= 18 AND VARSTA <= 90),
    CONSTRAINT TIP_LICENTA_CHECK CHECK (UPPER(TIP_LICENTA) IN ('PRO', 'A', 'B', 'C')),
    CONSTRAINT DURATA_CONTRACT_CHECK CHECK (UPPER(DURATA_CONTRACT) LIKE '%_LUNI')
);

--Tabelul CENTRU_ANTRENAMENT
CREATE TABLE CENTRU_ANTRENAMENT (
    ID_CENTRU_DE_ANTRENAMENT INT DEFAULT CENTRU_ANTRENAMENT_SEQ.NEXTVAL PRIMARY KEY,
    NUME VARCHAR2(50),
    CAPACITATE INT NOT NULL,
    DATA_CONSTRUCTIE DATE,
    LOCATIE VARCHAR2(50) NOT NULL
);

--Tabelul STADION
CREATE TABLE STADION (
    ID_STADION INT DEFAULT STADION_SEQ.NEXTVAL PRIMARY KEY,
    NUME VARCHAR2(50) NOT NULL,
    DATA_CONSTRUCTIE DATE NOT NULL,
    CAPACITATE INT NOT NULL,
    LOCATIE VARCHAR2(50) NOT NULL,
    TIP_GAZON VARCHAR(50),
    CONSTRAINT TIP_GAZON_CHECK CHECK (UPPER(TIP_GAZON) IN ('NATURAL', 'ARTIFICIAL', 'HIBRID'))
);

--Tabelul FIZIOTERAPEUT
CREATE TABLE FIZIOTERAPEUT (
    ID_FIZIOTERAPEUT INT DEFAULT FIZIOTERAPEUT_SEQ.NEXTVAL PRIMARY KEY,
    NUME VARCHAR2(50) NOT NULL,
    PRENUME VARCHAR2(50) NOT NULL,
    DURATA_CONTRACT VARCHAR2(50),
    SALARIU INT NOT NULL,
    CONSTRAINT DURATA_FIZIO_CONTRACT_CHECK CHECK (UPPER(DURATA_CONTRACT) LIKE '%_LUNI')
);

--Tabelul CLUB_DE_FOTBAL
CREATE TABLE CLUB_DE_FOTBAL (
    ID_CLUB INT DEFAULT CLUB_DE_FOTBAL_SEQ.NEXTVAL PRIMARY KEY,
    ID_STADION INT,
    ID_ANTRENOR INT,
    ID_CLUB_DE_FANI INT,
    ID_FIZIOTERAPEUT INT,
    ID_CENTRU_DE_ANTRENAMENT INT,
    NUME VARCHAR2(50) NOT NULL,
    AN_INFIINTARE INT NOT NULL,
    LIGA VARCHAR2(50),
    PUNCTAJ INT,
    CONSTRAINT LIGA_CLUB_CHECK CHECK (UPPER(LIGA) IN ('BUNDESLIGA', 'LIGA 1', 'LIGUE 1', 'PREMIER LEAGUE', 'SERIE A', 'LA LIGA')),
    FOREIGN KEY (ID_STADION) REFERENCES STADION(ID_STADION) ON DELETE SET NULL,
    FOREIGN KEY (ID_ANTRENOR) REFERENCES ANTRENOR(ID_ANTRENOR),
    FOREIGN KEY (ID_CLUB_DE_FANI) REFERENCES CLUB_DE_FANI(ID_CLUB_DE_FANI),
    FOREIGN KEY (ID_FIZIOTERAPEUT) REFERENCES FIZIOTERAPEUT(ID_FIZIOTERAPEUT),
    FOREIGN KEY (ID_CENTRU_DE_ANTRENAMENT) REFERENCES CENTRU_ANTRENAMENT(ID_CENTRU_DE_ANTRENAMENT)
);

--Tabelul CENTRU_ANTRENAMENT_CLUB
CREATE TABLE CENTRU_ANTRENAMENT_CLUB (
    ID_CLUB INT,
    ID_CENTRU_DE_ANTRENAMENT INT,
    PRIMARY KEY (ID_CLUB, ID_CENTRU_DE_ANTRENAMENT),
    FOREIGN KEY (ID_CLUB) REFERENCES CLUB_DE_FOTBAL(ID_CLUB),
    FOREIGN KEY (ID_CENTRU_DE_ANTRENAMENT) REFERENCES CENTRU_ANTRENAMENT(ID_CENTRU_DE_ANTRENAMENT)
);

--Tabelul MECI
CREATE TABLE MECI (
    ID_MECI INT DEFAULT MECI_SEQ.NEXTVAL PRIMARY KEY,
    ID_CLUB_ACASA INT,
    ID_CLUB_DEPLASARE INT,
    REZULTAT VARCHAR2(5),
    NUMAR_FANI INT,
    FOREIGN KEY (ID_CLUB_ACASA) REFERENCES CLUB_DE_FOTBAL(ID_CLUB),
    FOREIGN KEY (ID_CLUB_DEPLASARE) REFERENCES CLUB_DE_FOTBAL(ID_CLUB)
);

--Tabelul JUCATOR
CREATE TABLE JUCATOR (
    ID_JUCATOR INT DEFAULT JUCATOR_SEQ.NEXTVAL PRIMARY KEY,
    ID_CLUB INT,
    NUME VARCHAR2(50) NOT NULL,
    PRENUME VARCHAR2(50) NOT NULL,
    DATA_NASTERII DATE NOT NULL,
    POZITIE VARCHAR2(3),
    NUMAR_TRICOU INT,
    DURATA_CONTRACT VARCHAR2(50),
    SALARIU INT NOT NULL,
    FOREIGN KEY (ID_CLUB) REFERENCES CLUB_DE_FOTBAL(ID_CLUB),
    CONSTRAINT POZITIE_CHECK CHECK (UPPER(POZITIE) IN ('GK', 'CB', 'LB', 'RB', 'CM', 'LM', 'RM', 'CDM', 'CAM', 'LW', 'RW', 'ST')),
    CONSTRAINT DURATA_CONRACT_JUCATOR_CHECK CHECK (UPPER(DURATA_CONTRACT) LIKE '%_LUNI'),
    CONSTRAINT NUMAR_TRICOU_CHECK CHECK (NUMAR_TRICOU < 100 AND NUMAR_TRICOU > 0)
);

--Tabelul STATISTICA
CREATE TABLE STATISTICA (
    ID_JUCATOR PRIMARY KEY,
    NUMAR_GOLURI INT,
    NUMAR_ASISTURI INT,
    MINUTE_JUCATE INT,
    NOTA NUMBER(5, 2),
    CONSTRAINT NOTA_CHECK CHECK (NOTA >= 1 AND NOTA <= 10),
    FOREIGN KEY (ID_JUCATOR) REFERENCES JUCATOR(ID_JUCATOR)
);

--Tabelul ANTRENAMENT
CREATE TABLE ANTRENAMENT (
    ID_ANTRENAMENT INT DEFAULT ANTRENAMENT_SEQ.NEXTVAL PRIMARY KEY,
    ID_JUCATOR INT,
    ID_CENTRU_DE_ANTRENAMENT INT,
    DURATA VARCHAR2(50),
    FOREIGN KEY (ID_JUCATOR) REFERENCES JUCATOR(ID_JUCATOR),
    FOREIGN KEY (ID_CENTRU_DE_ANTRENAMENT) REFERENCES CENTRU_ANTRENAMENT(ID_CENTRU_DE_ANTRENAMENT),
    CONSTRAINT DURATA_CHECK CHECK (UPPER(DURATA) LIKE '%_MINUTE')
);

--Tabelul RECUPERARE
CREATE TABLE RECUPERARE (
    ID_RECUPERARE INT DEFAULT RECUPERARE_SEQ.NEXTVAL PRIMARY KEY,
    ID_FIZIOTERAPEUT INT,
    ID_JUCATOR INT,
    TIP_ACCIDENTARE VARCHAR2(50),
    DURATA_RECUPERARE VARCHAR2(50),
    FOREIGN KEY (ID_FIZIOTERAPEUT) REFERENCES FIZIOTERAPEUT(ID_FIZIOTERAPEUT),
    FOREIGN KEY (ID_JUCATOR) REFERENCES JUCATOR(ID_JUCATOR),
    CONSTRAINT TIP_ACCIDENTARE_CHECK CHECK (UPPER(TIP_ACCIDENTARE) IN ('LEZIUNE LIGAMENT INCRUCISAT ANTERIOR', 'LEZIUNE LIGAMENT COLATERAL MEDIAL', 'RUPTURA DE MENISC')),
    CONSTRAINT DURATA_RECUPERARE_CHECK CHECK (UPPER(DURATA_RECUPERARE) LIKE '%_LUNI')
);

-- 5.
-- Inserare CLUB_DE_FANI
INSERT INTO CLUB_DE_FANI(NUME, DATA_INFIINTARE)
VALUES ('Mia San Mia', '10-FEB-1989');

INSERT INTO CLUB_DE_FANI(NUME, DATA_INFIINTARE)
VALUES ('Madrilistas', '05-JAN-1978');

INSERT INTO CLUB_DE_FANI(NUME, DATA_INFIINTARE)
VALUES ('Never Walk Alone', '24-JUN-1999');

INSERT INTO CLUB_DE_FANI(NUME, DATA_INFIINTARE)
VALUES ('London Blues', '29-JUL-1970');

INSERT INTO CLUB_DE_FANI(NUME, DATA_INFIINTARE)
VALUES ('Citizens', '15-FEB-2000');

INSERT INTO CLUB_DE_FANI(NUME, DATA_INFIINTARE)
VALUES ('Catalans', '02-APR-2002');

INSERT INTO CLUB_DE_FANI(NUME, DATA_INFIINTARE)
VALUES ('Gunners', '24-DEC-1965');

INSERT INTO CLUB_DE_FANI(NUME, DATA_INFIINTARE)
VALUES ('Cainii Rosii', '16-AUG-1989');

INSERT INTO CLUB_DE_FANI(NUME, DATA_INFIINTARE)
VALUES ('Red Devils', '28-NOV-2015');

INSERT INTO CLUB_DE_FANI(NUME, DATA_INFIINTARE)
VALUES ('Old Lady', '01-SEP-2004');


--Inserare FAN
INSERT INTO FAN(ID_CLUB_DE_FANI, NUME, PRENUME, SALARIU)
VALUES (1, 'Johan', 'Muller', 12000);

INSERT INTO FAN(ID_CLUB_DE_FANI, NUME, PRENUME, SALARIU)
VALUES (1, 'Gustav', 'Low', 5000);

INSERT INTO FAN(ID_CLUB_DE_FANI, NUME, PRENUME, SALARIU)
VALUES (2, 'Fernando', 'Parra', 2500);

INSERT INTO FAN(ID_CLUB_DE_FANI, NUME, PRENUME, SALARIU)
VALUES (2, 'Francisco', 'Lopez', 7750);

INSERT INTO FAN(ID_CLUB_DE_FANI, NUME, PRENUME, SALARIU)
VALUES (3, 'John', 'Walker', 10000);

INSERT INTO FAN(ID_CLUB_DE_FANI, NUME, PRENUME, SALARIU)
VALUES (3, 'Kyle', 'Parker', 2550);

INSERT INTO FAN(ID_CLUB_DE_FANI, NUME, PRENUME, SALARIU)
VALUES (4, 'Patrick', 'Johnson', 6750);

INSERT INTO FAN(ID_CLUB_DE_FANI, NUME, PRENUME, SALARIU)
VALUES (4, 'Shawn', 'Carpenter', 11500);

INSERT INTO FAN(ID_CLUB_DE_FANI, NUME, PRENUME, SALARIU)
VALUES (5, 'Dian', 'Nancy', 4520);

INSERT INTO FAN(ID_CLUB_DE_FANI, NUME, PRENUME, SALARIU)
VALUES (5, 'Thomas', 'Charles', 9000);

INSERT INTO FAN(ID_CLUB_DE_FANI, NUME, PRENUME, SALARIU)
VALUES (6, 'Jose', 'Antonio', 5600);

INSERT INTO FAN(ID_CLUB_DE_FANI, NUME, PRENUME, SALARIU)
VALUES (6, 'Pedro', 'Luis', 7850);

INSERT INTO FAN(ID_CLUB_DE_FANI, NUME, PRENUME, SALARIU)
VALUES (7, 'Donald', 'Kevin', 240000);

INSERT INTO FAN(ID_CLUB_DE_FANI, NUME, PRENUME, SALARIU)
VALUES (7, 'Joshua', 'Kenneth', 550000);

INSERT INTO FAN(ID_CLUB_DE_FANI, NUME, PRENUME, SALARIU)
VALUES (8, 'Dumitru', 'George', 2300);

INSERT INTO FAN(ID_CLUB_DE_FANI, NUME, PRENUME, SALARIU)
VALUES (8, 'Popescu', 'Andrei', 3200);

INSERT INTO FAN(ID_CLUB_DE_FANI, NUME, PRENUME, SALARIU)
VALUES (9, 'Ronald', 'Jason', 0);

INSERT INTO FAN(ID_CLUB_DE_FANI, NUME, PRENUME, SALARIU)
VALUES (9, 'Jacob', 'Gray', 6800);

INSERT INTO FAN(ID_CLUB_DE_FANI, NUME, PRENUME, SALARIU)
VALUES (10, 'Francesco', 'Mattia', 0);

INSERT INTO FAN(ID_CLUB_DE_FANI, NUME, PRENUME, SALARIU)
VALUES (10, 'Diego', 'Federico', 4560);


--Inserare ANTRENOR
INSERT INTO ANTRENOR(NUME, PRENUME, VARSTA, TIP_LICENTA, DURATA_CONTRACT, SALARIU)
VALUES ('Arteta', 'Mikel', 41, 'PRO', '12 Luni', 11000);

INSERT INTO ANTRENOR(NUME, PRENUME, VARSTA, TIP_LICENTA, DURATA_CONTRACT, SALARIU)
VALUES ('Tuchel', 'Thomas', 50, 'PRO', '2 Luni', 250000);

INSERT INTO ANTRENOR(NUME, PRENUME, VARSTA, TIP_LICENTA, DURATA_CONTRACT, SALARIU)
VALUES ('Pochettino', 'Mauricio', 52, 'PRO', '24 Luni', 150000);

INSERT INTO ANTRENOR(NUME, PRENUME, VARSTA, TIP_LICENTA, DURATA_CONTRACT, SALARIU)
VALUES ('Hernandez', 'Xavi', 44, 'PRO', '1 Luni', 90000);

INSERT INTO ANTRENOR(NUME, PRENUME, VARSTA, TIP_LICENTA, DURATA_CONTRACT, SALARIU)
VALUES ('Ancelotti', 'Carlo', 64, 'PRO', '10 Luni', 300000);

INSERT INTO ANTRENOR(NUME, PRENUME, VARSTA, TIP_LICENTA, DURATA_CONTRACT, SALARIU)
VALUES ('Kopic', 'Zeljko', 46, 'PRO', '20 Luni', 80000);

INSERT INTO ANTRENOR(NUME, PRENUME, VARSTA, TIP_LICENTA, DURATA_CONTRACT, SALARIU)
VALUES ('Guardiola', 'Josep', 53, 'PRO', '12 Luni', 450000);

INSERT INTO ANTRENOR(NUME, PRENUME, VARSTA, TIP_LICENTA, DURATA_CONTRACT, SALARIU)
VALUES ('ten Hag', 'Erik', 54, 'PRO', '18 Luni', 40500);

INSERT INTO ANTRENOR(NUME, PRENUME, VARSTA, TIP_LICENTA, DURATA_CONTRACT, SALARIU)
VALUES ('Klopp', 'Jurgen', 56, 'PRO', '1 Luni', 100000);

INSERT INTO ANTRENOR(NUME, PRENUME, VARSTA, TIP_LICENTA, DURATA_CONTRACT, SALARIU)
VALUES ('Allegri', 'Massimilliano', 56, 'PRO', '1 Luni', 60000);

INSERT INTO ANTRENOR(NUME, PRENUME, VARSTA, TIP_LICENTA, DURATA_CONTRACT, SALARIU)
VALUES ('Teschke', 'Dirk', 55, 'A', '12 Luni', 9000);

INSERT INTO ANTRENOR(NUME, PRENUME, VARSTA, TIP_LICENTA, DURATA_CONTRACT, SALARIU)
VALUES ('Koch', 'Julian', 33, 'A', '24 Luni', 9500);

INSERT INTO ANTRENOR(NUME, PRENUME, VARSTA, TIP_LICENTA, DURATA_CONTRACT, SALARIU)
VALUES ('Georgie', 'Stefan', 42, 'B', '5 Luni', 4000);

INSERT INTO ANTRENOR(NUME, PRENUME, VARSTA, TIP_LICENTA, DURATA_CONTRACT, SALARIU)
VALUES ('Samuila', 'Marin', 40, 'C', '2 Luni', 2500);

INSERT INTO ANTRENOR(NUME, PRENUME, VARSTA, TIP_LICENTA, DURATA_CONTRACT, SALARIU)
VALUES ('Marcu', 'Edgar', 36, 'B', '30 Luni', 5500);


--Inserare CENTRU_ANTRENAMENT
INSERT INTO CENTRU_ANTRENAMENT(CAPACITATE, DATA_CONSTRUCTIE, LOCATIE)
VALUES (50, '05-FEB-2004', 'Munchen');

INSERT INTO CENTRU_ANTRENAMENT(NUME, CAPACITATE, DATA_CONSTRUCTIE, LOCATIE)
VALUES ('FC Bayern Campus', 100, '20-JAN-2010', 'Munchen');

INSERT INTO CENTRU_ANTRENAMENT(NUME, CAPACITATE, DATA_CONSTRUCTIE, LOCATIE)
VALUES ('Ciudad Real Madrid', 150, '29-JUN-2010', 'Madrid');

INSERT INTO CENTRU_ANTRENAMENT(NUME, CAPACITATE, DATA_CONSTRUCTIE, LOCATIE)
VALUES ('AXA Training Centre', 100, '10-NOV-2020', 'Liverpool');

INSERT INTO CENTRU_ANTRENAMENT(NUME, CAPACITATE, DATA_CONSTRUCTIE, LOCATIE)
VALUES ('Cobham Training Centre', 100, '15-JUN-2015', 'Londra');

INSERT INTO CENTRU_ANTRENAMENT(NUME, CAPACITATE, DATA_CONSTRUCTIE, LOCATIE)
VALUES ('City Football Academy', 150, '02-APR-2019', 'Manchester');

INSERT INTO CENTRU_ANTRENAMENT(NUME, CAPACITATE, DATA_CONSTRUCTIE, LOCATIE)
VALUES ('Ciutat Esportiva Joan Gamper', 50, '09-SEP-2001', 'Barcelona');

INSERT INTO CENTRU_ANTRENAMENT(NUME, CAPACITATE, DATA_CONSTRUCTIE, LOCATIE)
VALUES ('Arsenal training center', 90, '17-MAR-2012', 'London');

INSERT INTO CENTRU_ANTRENAMENT(CAPACITATE, DATA_CONSTRUCTIE, LOCATIE)
VALUES (30, '01-MAR-2000', 'Bucuresti');

INSERT INTO CENTRU_ANTRENAMENT(NUME, CAPACITATE, DATA_CONSTRUCTIE, LOCATIE)
VALUES ('Aon Training Complex', 120, '06-JUL-2013', 'Manchester');

INSERT INTO CENTRU_ANTRENAMENT(NUME, CAPACITATE, DATA_CONSTRUCTIE, LOCATIE)
VALUES ('Juventus training center', 160, '19-AUG-2021', 'Torino');

INSERT INTO CENTRU_ANTRENAMENT(CAPACITATE, DATA_CONSTRUCTIE, LOCATIE)
VALUES (10, '06-AUG-2020', 'Barcelona');

INSERT INTO CENTRU_ANTRENAMENT(CAPACITATE, DATA_CONSTRUCTIE, LOCATIE)
VALUES (30, '16-MAR-2007', 'Londra');


--Inserare STADION
INSERT INTO STADION(NUME, DATA_CONSTRUCTIE, CAPACITATE, LOCATIE, TIP_GAZON)
VALUES ('Allianz Arena', '30-MAY-2005', 75000, 'Munchen', 'Natural');

INSERT INTO STADION(NUME, DATA_CONSTRUCTIE, CAPACITATE, LOCATIE, TIP_GAZON)
VALUES ('Camp Nou', '24-SEP-1957', 99354, 'Barcelona', 'Natural');

INSERT INTO STADION(NUME, DATA_CONSTRUCTIE, CAPACITATE, LOCATIE, TIP_GAZON)
VALUES ('Santiago Bernabeu Stadium', '14-DEC-1947', 81044, 'Madrid', 'Natural');

INSERT INTO STADION(NUME, DATA_CONSTRUCTIE, CAPACITATE, LOCATIE, TIP_GAZON)
VALUES ('Anfield', '15-AUG-1884', 53394, 'Liverpool', 'Natural');

INSERT INTO STADION(NUME, DATA_CONSTRUCTIE, CAPACITATE, LOCATIE, TIP_GAZON)
VALUES ('Etihad Stadium', '25-JUL-2003', 53000, 'Manchester', 'Natural');

INSERT INTO STADION(NUME, DATA_CONSTRUCTIE, CAPACITATE, LOCATIE, TIP_GAZON)
VALUES ('Old Trafford', '19-FEB-1910', 74140, 'Manchester', 'Natural');

INSERT INTO STADION(NUME, DATA_CONSTRUCTIE, CAPACITATE, LOCATIE, TIP_GAZON)
VALUES ('Arcul deTriumf', '3-JUL-2021', 8207, 'Bucuresti', 'Artificial');

INSERT INTO STADION(NUME, DATA_CONSTRUCTIE, CAPACITATE, LOCATIE, TIP_GAZON)
VALUES ('Juventus Stadium', '8-SEP-2011', 41507, 'Torino', 'Hibrid');

INSERT INTO STADION(NUME, DATA_CONSTRUCTIE, CAPACITATE, LOCATIE, TIP_GAZON)
VALUES ('Stamford Bridge', '02-DEC-1877', '40834', 'Londra', 'Natural');

INSERT INTO STADION(NUME, DATA_CONSTRUCTIE, CAPACITATE, LOCATIE, TIP_GAZON)
VALUES ('Emirates Stadium', '22-JUL-2006', 60260, 'Londra', 'Natural');


--Inserare FIZIOTERAPEUT
INSERT INTO FIZIOTERAPEUT (NUME, PRENUME, DURATA_CONTRACT, SALARIU)
VALUES ('Franz', 'Muller', '12 Luni', 8800);

INSERT INTO FIZIOTERAPEUT (NUME, PRENUME, DURATA_CONTRACT, SALARIU)
VALUES ('Marta', 'Garcia', '12 Luni', 10000);

INSERT INTO FIZIOTERAPEUT (NUME, PRENUME, DURATA_CONTRACT, SALARIU)
VALUES ('Javier', 'Lopez', '6 Luni', 12000);

INSERT INTO FIZIOTERAPEUT (NUME, PRENUME, DURATA_CONTRACT, SALARIU)
VALUES ('Emily', 'Thompson', '24 Luni', 15500);

INSERT INTO FIZIOTERAPEUT (NUME, PRENUME, DURATA_CONTRACT, SALARIU)
VALUES ('David', 'Patel', '5 Luni', 9700);

INSERT INTO FIZIOTERAPEUT (NUME, PRENUME, DURATA_CONTRACT, SALARIU)
VALUES ('Sarah', 'Evans', '20 Luni', 14530);

INSERT INTO FIZIOTERAPEUT (NUME, PRENUME, DURATA_CONTRACT, SALARIU)
VALUES ('Popescu', 'Andrei', '10 Luni', 6500);

INSERT INTO FIZIOTERAPEUT (NUME, PRENUME, DURATA_CONTRACT, SALARIU)
VALUES ('Bianchi', 'Sofia', '3 Luni', 11000);

INSERT INTO FIZIOTERAPEUT (NUME, PRENUME, DURATA_CONTRACT, SALARIU)
VALUES ('Johnson', 'Alex', '20 Luni', 8800);

INSERT INTO FIZIOTERAPEUT (NUME, PRENUME, DURATA_CONTRACT, SALARIU)
VALUES ('Smith', 'Emma', '10 Luni', 10000);


--Inserare CLUB_DE_FOTBAL
INSERT INTO CLUB_DE_FOTBAL (ID_STADION, ID_ANTRENOR, ID_CLUB_DE_FANI, ID_FIZIOTERAPEUT, ID_CENTRU_DE_ANTRENAMENT, NUME, AN_INFIINTARE, LIGA, PUNCTAJ)
VALUES (1, 2, 1, 1, 1, 'Bayern Munchen', 1900, 'Bundesliga', 76);

INSERT INTO CLUB_DE_FOTBAL (ID_STADION, ID_ANTRENOR, ID_CLUB_DE_FANI, ID_FIZIOTERAPEUT, ID_CENTRU_DE_ANTRENAMENT, NUME, AN_INFIINTARE, LIGA, PUNCTAJ)
VALUES (2, 4, 6, 2, 12, 'Barcelona', 1899, 'La Liga', 70);

INSERT INTO CLUB_DE_FOTBAL (ID_STADION, ID_ANTRENOR, ID_CLUB_DE_FANI, ID_FIZIOTERAPEUT, ID_CENTRU_DE_ANTRENAMENT, NUME, AN_INFIINTARE, LIGA, PUNCTAJ)
VALUES (3, 5, 2, 3, 3, 'Real Madrid', 1902, 'La Liga', 89);

INSERT INTO CLUB_DE_FOTBAL (ID_STADION, ID_ANTRENOR, ID_CLUB_DE_FANI, ID_FIZIOTERAPEUT, ID_CENTRU_DE_ANTRENAMENT, NUME, AN_INFIINTARE, LIGA, PUNCTAJ)
VALUES (4, 9, 3, 4, 4, 'Liverpool', 1892, 'Premier League', 78);

INSERT INTO CLUB_DE_FOTBAL (ID_STADION, ID_ANTRENOR, ID_CLUB_DE_FANI, ID_FIZIOTERAPEUT, ID_CENTRU_DE_ANTRENAMENT, NUME, AN_INFIINTARE, LIGA, PUNCTAJ)
VALUES (5, 7, 5, 5, 6, 'Manchester City', 1880, 'Premier League', 90);

INSERT INTO CLUB_DE_FOTBAL (ID_STADION, ID_ANTRENOR, ID_CLUB_DE_FANI, ID_FIZIOTERAPEUT, ID_CENTRU_DE_ANTRENAMENT, NUME, AN_INFIINTARE, LIGA, PUNCTAJ)
VALUES (6, 8, 9, 6, 10, 'Manchester United', 1878, 'Premier League', 67);

INSERT INTO CLUB_DE_FOTBAL (ID_STADION, ID_ANTRENOR, ID_CLUB_DE_FANI, ID_FIZIOTERAPEUT, ID_CENTRU_DE_ANTRENAMENT, NUME, AN_INFIINTARE, LIGA, PUNCTAJ)
VALUES (7, 6, 8, 7, 9, 'Dinamo Bucuresti', 1948, 'Liga 1', 45);

INSERT INTO CLUB_DE_FOTBAL (ID_STADION, ID_ANTRENOR, ID_CLUB_DE_FANI, ID_FIZIOTERAPEUT, ID_CENTRU_DE_ANTRENAMENT, NUME, AN_INFIINTARE, LIGA, PUNCTAJ)
VALUES (8, 10, 10, 8, 11, 'Juventus', 1897, 'Serie A', 70);

INSERT INTO CLUB_DE_FOTBAL (ID_STADION, ID_ANTRENOR, ID_CLUB_DE_FANI, ID_FIZIOTERAPEUT, ID_CENTRU_DE_ANTRENAMENT, NUME, AN_INFIINTARE, LIGA, PUNCTAJ)
VALUES (9, 3, 4, 9, 5, 'Chelsea', 1905, 'Premier League', 76);

INSERT INTO CLUB_DE_FOTBAL (ID_STADION, ID_ANTRENOR, ID_CLUB_DE_FANI, ID_FIZIOTERAPEUT, ID_CENTRU_DE_ANTRENAMENT, NUME, AN_INFIINTARE, LIGA, PUNCTAJ)
VALUES (10, 1, 7, 10, 7, 'Arsenal', 1886, 'Premier League', 88);


--Inserare CENTRU_ANTRENAMENT_CLUB
INSERT INTO CENTRU_ANTRENAMENT_CLUB (ID_CLUB, ID_CENTRU_DE_ANTRENAMENT)
VALUES(1, 1);

INSERT INTO CENTRU_ANTRENAMENT_CLUB (ID_CLUB, ID_CENTRU_DE_ANTRENAMENT)
VALUES(1, 2);

INSERT INTO CENTRU_ANTRENAMENT_CLUB (ID_CLUB, ID_CENTRU_DE_ANTRENAMENT)
VALUES(2, 3);

INSERT INTO CENTRU_ANTRENAMENT_CLUB (ID_CLUB, ID_CENTRU_DE_ANTRENAMENT)
VALUES(3, 3);

INSERT INTO CENTRU_ANTRENAMENT_CLUB (ID_CLUB, ID_CENTRU_DE_ANTRENAMENT)
VALUES(3, 1);

INSERT INTO CENTRU_ANTRENAMENT_CLUB (ID_CLUB, ID_CENTRU_DE_ANTRENAMENT)
VALUES(4, 4);

INSERT INTO CENTRU_ANTRENAMENT_CLUB (ID_CLUB, ID_CENTRU_DE_ANTRENAMENT)
VALUES(5, 5);

INSERT INTO CENTRU_ANTRENAMENT_CLUB (ID_CLUB, ID_CENTRU_DE_ANTRENAMENT)
VALUES(5, 1);

INSERT INTO CENTRU_ANTRENAMENT_CLUB (ID_CLUB, ID_CENTRU_DE_ANTRENAMENT)
VALUES(6, 1);

INSERT INTO CENTRU_ANTRENAMENT_CLUB (ID_CLUB, ID_CENTRU_DE_ANTRENAMENT)
VALUES(7, 2);


--Inserare MECI
INSERT INTO MECI (ID_CLUB_ACASA, ID_CLUB_DEPLASARE, REZULTAT, NUMAR_FANI)
VALUES (1, 2, '2-4', 40000);

INSERT INTO MECI (ID_CLUB_ACASA, ID_CLUB_DEPLASARE, REZULTAT, NUMAR_FANI)
VALUES (2, 3, '3-3', 55000);

INSERT INTO MECI (ID_CLUB_ACASA, ID_CLUB_DEPLASARE, REZULTAT, NUMAR_FANI)
VALUES (3, 4, '0-0', 10000);

INSERT INTO MECI (ID_CLUB_ACASA, ID_CLUB_DEPLASARE, REZULTAT, NUMAR_FANI)
VALUES (4, 5, '1-0', 23000);

INSERT INTO MECI (ID_CLUB_ACASA, ID_CLUB_DEPLASARE, REZULTAT, NUMAR_FANI)
VALUES (1, 10, '7-1', 60000);

INSERT INTO MECI (ID_CLUB_ACASA, ID_CLUB_DEPLASARE, REZULTAT, NUMAR_FANI)
VALUES (5, 9, '2-3', 33000);

INSERT INTO MECI (ID_CLUB_ACASA, ID_CLUB_DEPLASARE, REZULTAT, NUMAR_FANI)
VALUES (6, 7, '2-2', 31000);

INSERT INTO MECI (ID_CLUB_ACASA, ID_CLUB_DEPLASARE, REZULTAT, NUMAR_FANI)
VALUES (6, 1, '2-1', 29000);

INSERT INTO MECI (ID_CLUB_ACASA, ID_CLUB_DEPLASARE, REZULTAT, NUMAR_FANI)
VALUES (7, 2, '0-1', 44500);

INSERT INTO MECI (ID_CLUB_ACASA, ID_CLUB_DEPLASARE, REZULTAT, NUMAR_FANI)
VALUES (8, 3, '5-3', 64400);


--Inserare JUCATOR
INSERT INTO JUCATOR (ID_CLUB, NUME, PRENUME, DATA_NASTERII, POZITIE, NUMAR_TRICOU, DURATA_CONTRACT, SALARIU)
VALUES (1, 'Kane', 'Harry', '28-JUL-1993', 'ST', 9, '24 Luni', 250000);

INSERT INTO JUCATOR (ID_CLUB, NUME, PRENUME, DATA_NASTERII, POZITIE, NUMAR_TRICOU, DURATA_CONTRACT, SALARIU)
VALUES (1, 'Musiala', 'Jamal', '26-FEB-2003', 'CAM', 42, '24 Luni', 150000);

INSERT INTO JUCATOR (ID_CLUB, NUME, PRENUME, DATA_NASTERII, POZITIE, NUMAR_TRICOU, DURATA_CONTRACT, SALARIU)
VALUES (1, 'Sane', 'Leroy', '11-JAN-1996', 'RW', 10, '12 Luni', 200000);

INSERT INTO JUCATOR (ID_CLUB, NUME, PRENUME, DATA_NASTERII, POZITIE, NUMAR_TRICOU, DURATA_CONTRACT, SALARIU)
VALUES (3, 'Jose', 'Vinicius', '12-JUL-2000', 'LW', 7, '36 Luni', 300000);

INSERT INTO JUCATOR (ID_CLUB, NUME, PRENUME, DATA_NASTERII, POZITIE, NUMAR_TRICOU, DURATA_CONTRACT, SALARIU)
VALUES (3, 'Kross', 'Toni', '17-JUL-1990', 'CM', 8, '1 Luni', 100000);

INSERT INTO JUCATOR (ID_CLUB, NUME, PRENUME, DATA_NASTERII, POZITIE, NUMAR_TRICOU, DURATA_CONTRACT, SALARIU)
VALUES (3, 'Modric', 'Luka', '09-SEP-1985', 'CM', 10, '1 Luni', 100000);

INSERT INTO JUCATOR (ID_CLUB, NUME, PRENUME, DATA_NASTERII, POZITIE, NUMAR_TRICOU, DURATA_CONTRACT, SALARIU)
VALUES (4, 'Nunez', 'Darwin', '24-JUN-1999', 'ST', 9, '48 Luni', 165000);

INSERT INTO JUCATOR (ID_CLUB, NUME, PRENUME, DATA_NASTERII, POZITIE, NUMAR_TRICOU, DURATA_CONTRACT, SALARIU)
VALUES (4, 'Salah', 'Mohamed', '15-JUN-1992', 'RW', 11, '12 Luni', 155000);

INSERT INTO JUCATOR (ID_CLUB, NUME, PRENUME, DATA_NASTERII, POZITIE, NUMAR_TRICOU, DURATA_CONTRACT, SALARIU)
VALUES (4, 'Diaz', 'Luis', '13-JAN-1997', 'LW', 7, '36 Luni', 210000);

INSERT INTO JUCATOR (ID_CLUB, NUME, PRENUME, DATA_NASTERII, POZITIE, NUMAR_TRICOU, DURATA_CONTRACT, SALARIU)
VALUES (9, 'Jackson', 'Nicolas', '20-JUN-2001', 'ST', 15, '84 Luni', 345000);

INSERT INTO JUCATOR (ID_CLUB, NUME, PRENUME, DATA_NASTERII, POZITIE, NUMAR_TRICOU, DURATA_CONTRACT, SALARIU)
VALUES (9, 'Palmer', 'Cole', '06-MAY-2002', 'CAM', 20, '72 Luni', 300000);

INSERT INTO JUCATOR (ID_CLUB, NUME, PRENUME, DATA_NASTERII, POZITIE, NUMAR_TRICOU, DURATA_CONTRACT, SALARIU)
VALUES (9, 'Mudryk', 'Mykhaylo', '05-JAN-2001', 'LW', 10, '84 Luni', 332000);

INSERT INTO JUCATOR (ID_CLUB, NUME, PRENUME, DATA_NASTERII, POZITIE, NUMAR_TRICOU, DURATA_CONTRACT, SALARIU)
VALUES (5, 'Alvarez', 'Julian', '31-JAN-2000', 'CAM', 19, '48 Luni', 287500);

INSERT INTO JUCATOR (ID_CLUB, NUME, PRENUME, DATA_NASTERII, POZITIE, NUMAR_TRICOU, DURATA_CONTRACT, SALARIU)
VALUES (5, 'Haaland', 'Earling', '21-JUL-2000', 'ST', 9, '36 Luni', 355000);

INSERT INTO JUCATOR (ID_CLUB, NUME, PRENUME, DATA_NASTERII, POZITIE, NUMAR_TRICOU, DURATA_CONTRACT, SALARIU)
VALUES (5, 'De Bruyne', 'Kevin', '28-JUN-1991', 'CAM', 17, '12 Luni', 285000);

INSERT INTO JUCATOR (ID_CLUB, NUME, PRENUME, DATA_NASTERII, POZITIE, NUMAR_TRICOU, DURATA_CONTRACT, SALARIU)
VALUES (2, 'Lewandowski', 'Robert', '21-AUG-1988', 'ST', 9, '24 Luni', 200000);

INSERT INTO JUCATOR (ID_CLUB, NUME, PRENUME, DATA_NASTERII, POZITIE, NUMAR_TRICOU, DURATA_CONTRACT, SALARIU)
VALUES (2, 'Yamal', 'Lamine', '13-JUL-2007', 'RW', 27, '24 Luni', 155000);

INSERT INTO JUCATOR (ID_CLUB, NUME, PRENUME, DATA_NASTERII, POZITIE, NUMAR_TRICOU, DURATA_CONTRACT, SALARIU)
VALUES (2, 'Gonzalez', 'Pedro', '25-NOV-2002', 'CM', 8, '24 Luni', 145000);

INSERT INTO JUCATOR (ID_CLUB, NUME, PRENUME, DATA_NASTERII, POZITIE, NUMAR_TRICOU, DURATA_CONTRACT, SALARIU)
VALUES (10, 'Saka', 'Bukayo', '05-SEP-2001', 'RW', 7, '36 Luni', 287500);

INSERT INTO JUCATOR (ID_CLUB, NUME, PRENUME, DATA_NASTERII, POZITIE, NUMAR_TRICOU, DURATA_CONTRACT, SALARIU)
VALUES (10, 'Declan', 'Rice', '14-JAN-1999', 'CDM', 41, '48 Luni', 325500);

INSERT INTO JUCATOR (ID_CLUB, NUME, PRENUME, DATA_NASTERII, POZITIE, NUMAR_TRICOU, DURATA_CONTRACT, SALARIU)
VALUES (10, 'Havertz', 'Kai', '11-JUN-1999', 'CAM', 29, '48 Luni', 256000);

INSERT INTO JUCATOR (ID_CLUB, NUME, PRENUME, DATA_NASTERII, POZITIE, NUMAR_TRICOU, DURATA_CONTRACT, SALARIU)
VALUES (7, 'Abdallah', 'Hakim', '09-JAN-1998', 'ST', 19, '12 Luni', 70000);

INSERT INTO JUCATOR (ID_CLUB, NUME, PRENUME, DATA_NASTERII, POZITIE, NUMAR_TRICOU, DURATA_CONTRACT, SALARIU)
VALUES (7, 'Gregorio', 'Goncalo', '14-JUN-1995', 'ST', 7, '12 Luni', 65500);

INSERT INTO JUCATOR (ID_CLUB, NUME, PRENUME, DATA_NASTERII, POZITIE, NUMAR_TRICOU, DURATA_CONTRACT, SALARIU)
VALUES (7, 'Politic', 'Dennis', '05-MAR-2000', 'LW', 17, '12 Luni', 58500);

INSERT INTO JUCATOR (ID_CLUB, NUME, PRENUME, DATA_NASTERII, POZITIE, NUMAR_TRICOU, DURATA_CONTRACT, SALARIU)
VALUES (6, 'Hojlund', 'Rasmus', '04-FEB-2003', 'ST', 11, '48 Luni', 275000);

INSERT INTO JUCATOR (ID_CLUB, NUME, PRENUME, DATA_NASTERII, POZITIE, NUMAR_TRICOU, DURATA_CONTRACT, SALARIU)
VALUES (6, 'Rashford', 'Marcus', '31-OCT-1997', 'LW', 10, '48 Luni', 325000);

INSERT INTO JUCATOR (ID_CLUB, NUME, PRENUME, DATA_NASTERII, POZITIE, NUMAR_TRICOU, DURATA_CONTRACT, SALARIU)
VALUES (6, 'Garnacho', 'Alejandro', '01-JUL-2004', 'LW', 17, '48 Luni', 300000);

INSERT INTO JUCATOR (ID_CLUB, NUME, PRENUME, DATA_NASTERII, POZITIE, NUMAR_TRICOU, DURATA_CONTRACT, SALARIU)
VALUES (8, 'Chiesa', 'Federico', '25-OCT-1997', 'LW', 7, '12 Luni', 185000);

INSERT INTO JUCATOR (ID_CLUB, NUME, PRENUME, DATA_NASTERII, POZITIE, NUMAR_TRICOU, DURATA_CONTRACT, SALARIU)
VALUES (8, 'Vlahovic', 'Dusan', '28-JAN-2000', 'ST', 9, '24 Luni', 250000);

INSERT INTO JUCATOR (ID_CLUB, NUME, PRENUME, DATA_NASTERII, POZITIE, NUMAR_TRICOU, DURATA_CONTRACT, SALARIU)
VALUES (8, 'Locatelli', 'Manuel', '08-JAN-1998', 'CDM', 5, '48 Luni', 200000);

INSERT INTO JUCATOR(NUME, PRENUME, DATA_NASTERII, POZITIE, SALARIU)
VALUES('Oumar', 'Solet', '07-FEB-2000', 'CB', 0);

INSERT INTO JUCATOR(NUME, PRENUME, DATA_NASTERII, POZITIE, SALARIU)
VALUES ('Declan', 'Gaffney', '06-OCT-1999', 'CB', 0);


--Inserare STATISTICA
INSERT INTO STATISTICA(ID_JUCATOR, NUMAR_GOLURI, NUMAR_ASISTURI, MINUTE_JUCATE, NOTA)
VALUES (1, 36, 8, 3934, 10);

INSERT INTO STATISTICA(ID_JUCATOR, NUMAR_GOLURI, NUMAR_ASISTURI, MINUTE_JUCATE, NOTA)
VALUES (2, 10, 6, 2860, 9.10);

INSERT INTO STATISTICA(ID_JUCATOR, NUMAR_GOLURI, NUMAR_ASISTURI, MINUTE_JUCATE, NOTA)
VALUES (3, 8, 11, 3224, 8.80);

INSERT INTO STATISTICA(ID_JUCATOR, NUMAR_GOLURI, NUMAR_ASISTURI, MINUTE_JUCATE, NOTA)
VALUES (4, 15, 5, 2904, 10);

INSERT INTO STATISTICA(ID_JUCATOR, NUMAR_GOLURI, NUMAR_ASISTURI, MINUTE_JUCATE, NOTA)
VALUES (5, 1, 8, 3009, 7.60);

INSERT INTO STATISTICA(ID_JUCATOR, NUMAR_GOLURI, NUMAR_ASISTURI, MINUTE_JUCATE, NOTA)
VALUES (6, 2, 6, 2222, 7.30);

INSERT INTO STATISTICA(ID_JUCATOR, NUMAR_GOLURI, NUMAR_ASISTURI, MINUTE_JUCATE, NOTA)
VALUES (7, 11, 8, 3026, 7.50);

INSERT INTO STATISTICA(ID_JUCATOR, NUMAR_GOLURI, NUMAR_ASISTURI, MINUTE_JUCATE, NOTA)
VALUES (8, 18, 10, 3132, 8.50);

INSERT INTO STATISTICA(ID_JUCATOR, NUMAR_GOLURI, NUMAR_ASISTURI, MINUTE_JUCATE, NOTA)
VALUES (9, 8, 5, 3615, 7);

INSERT INTO STATISTICA(ID_JUCATOR, NUMAR_GOLURI, NUMAR_ASISTURI, MINUTE_JUCATE, NOTA)
VALUES (10, 14, 5, 3534, 8.10);

INSERT INTO STATISTICA(ID_JUCATOR, NUMAR_GOLURI, NUMAR_ASISTURI, MINUTE_JUCATE, NOTA)
VALUES (11, 22, 11, 3734, 9.40);

INSERT INTO STATISTICA(ID_JUCATOR, NUMAR_GOLURI, NUMAR_ASISTURI, MINUTE_JUCATE, NOTA)
VALUES (12, 5, 2, 2014, 6.70);

INSERT INTO STATISTICA(ID_JUCATOR, NUMAR_GOLURI, NUMAR_ASISTURI, MINUTE_JUCATE, NOTA)
VALUES (13, 11, 9, 3446, 7.80);

INSERT INTO STATISTICA(ID_JUCATOR, NUMAR_GOLURI, NUMAR_ASISTURI, MINUTE_JUCATE, NOTA)
VALUES (14, 27, 5, 3655, 8.90);

INSERT INTO STATISTICA(ID_JUCATOR, NUMAR_GOLURI, NUMAR_ASISTURI, MINUTE_JUCATE, NOTA)
VALUES (15, 4, 10, 1694, 8);

INSERT INTO STATISTICA(ID_JUCATOR, NUMAR_GOLURI, NUMAR_ASISTURI, MINUTE_JUCATE, NOTA)
VALUES (16, 18, 8, 3738, 8.40);

INSERT INTO STATISTICA(ID_JUCATOR, NUMAR_GOLURI, NUMAR_ASISTURI, MINUTE_JUCATE, NOTA)
VALUES (17, 5, 8, 2895, 8);

INSERT INTO STATISTICA(ID_JUCATOR, NUMAR_GOLURI, NUMAR_ASISTURI, MINUTE_JUCATE, NOTA)
VALUES (18, 4, 2, 1938, 6.80);

INSERT INTO STATISTICA(ID_JUCATOR, NUMAR_GOLURI, NUMAR_ASISTURI, MINUTE_JUCATE, NOTA)
VALUES (19, 16, 9, 3865, 8.60);

INSERT INTO STATISTICA(ID_JUCATOR, NUMAR_GOLURI, NUMAR_ASISTURI, MINUTE_JUCATE, NOTA)
VALUES (20, 7, 9, 4274, 8.30);

INSERT INTO STATISTICA(ID_JUCATOR, NUMAR_GOLURI, NUMAR_ASISTURI, MINUTE_JUCATE, NOTA)
VALUES (21, 13, 7, 3827, 8.50);

INSERT INTO STATISTICA(ID_JUCATOR, NUMAR_GOLURI, NUMAR_ASISTURI, MINUTE_JUCATE, NOTA)
VALUES (22, 4, 2, 2218, 6.20);

INSERT INTO STATISTICA(ID_JUCATOR, NUMAR_GOLURI, NUMAR_ASISTURI, MINUTE_JUCATE, NOTA)
VALUES (23, 7, 1, 2369, 7);

INSERT INTO STATISTICA(ID_JUCATOR, NUMAR_GOLURI, NUMAR_ASISTURI, MINUTE_JUCATE, NOTA)
VALUES (24, 6, 0, 2156, 6.80);

INSERT INTO STATISTICA(ID_JUCATOR, NUMAR_GOLURI, NUMAR_ASISTURI, MINUTE_JUCATE, NOTA)
VALUES (25, 10, 2, 3072, 7.50);

INSERT INTO STATISTICA(ID_JUCATOR, NUMAR_GOLURI, NUMAR_ASISTURI, MINUTE_JUCATE, NOTA)
VALUES (26, 7, 2, 2983, 7.10);

INSERT INTO STATISTICA(ID_JUCATOR, NUMAR_GOLURI, NUMAR_ASISTURI, MINUTE_JUCATE, NOTA)
VALUES (27, 7, 4, 3484, 7.50);

INSERT INTO STATISTICA(ID_JUCATOR, NUMAR_GOLURI, NUMAR_ASISTURI, MINUTE_JUCATE, NOTA)
VALUES (28, 7, 3, 2332, 7.30);

INSERT INTO STATISTICA(ID_JUCATOR, NUMAR_GOLURI, NUMAR_ASISTURI, MINUTE_JUCATE, NOTA)
VALUES (29, 16, 3, 2528, 8.30);

INSERT INTO STATISTICA(ID_JUCATOR, NUMAR_GOLURI, NUMAR_ASISTURI, MINUTE_JUCATE, NOTA)
VALUES (30, 1, 4, 3253, 5.80);


--Inserare ANTRENAMENT
INSERT INTO ANTRENAMENT (ID_JUCATOR, ID_CENTRU_DE_ANTRENAMENT, DURATA)
VALUES (1, 2, '20 Minute');

INSERT INTO ANTRENAMENT (ID_JUCATOR, ID_CENTRU_DE_ANTRENAMENT, DURATA)
VALUES (1, 2, '60 Minute');

INSERT INTO ANTRENAMENT (ID_JUCATOR, ID_CENTRU_DE_ANTRENAMENT, DURATA)
VALUES (3, 2, '15 Minute');

INSERT INTO ANTRENAMENT (ID_JUCATOR, ID_CENTRU_DE_ANTRENAMENT, DURATA)
VALUES (3, 2, '30 Minute');

INSERT INTO ANTRENAMENT (ID_JUCATOR, ID_CENTRU_DE_ANTRENAMENT, DURATA)
VALUES (4, 3, '40 Minute');

INSERT INTO ANTRENAMENT (ID_JUCATOR, ID_CENTRU_DE_ANTRENAMENT, DURATA)
VALUES (6, 3, '50 Minute');

INSERT INTO ANTRENAMENT (ID_JUCATOR, ID_CENTRU_DE_ANTRENAMENT, DURATA)
VALUES (6, 3, '20 Minute');

INSERT INTO ANTRENAMENT (ID_JUCATOR, ID_CENTRU_DE_ANTRENAMENT, DURATA)
VALUES (11, 5, '10 Minute');

INSERT INTO ANTRENAMENT (ID_JUCATOR, ID_CENTRU_DE_ANTRENAMENT, DURATA)
VALUES (14, 6, '120 Minute');

INSERT INTO ANTRENAMENT (ID_JUCATOR, ID_CENTRU_DE_ANTRENAMENT, DURATA)
VALUES (15, 6, '60 Minute');

INSERT INTO ANTRENAMENT (ID_JUCATOR, ID_CENTRU_DE_ANTRENAMENT, DURATA)
VALUES (15, 6, '90 Minute');

INSERT INTO ANTRENAMENT (ID_JUCATOR, ID_CENTRU_DE_ANTRENAMENT, DURATA)
VALUES (16, 7, '25 Minute');

INSERT INTO ANTRENAMENT (ID_JUCATOR, ID_CENTRU_DE_ANTRENAMENT, DURATA)
VALUES (20, 8, '55 Minute');

INSERT INTO ANTRENAMENT (ID_JUCATOR, ID_CENTRU_DE_ANTRENAMENT, DURATA)
VALUES (30, 11, '15 Minute');

INSERT INTO ANTRENAMENT (ID_JUCATOR, ID_CENTRU_DE_ANTRENAMENT, DURATA)
VALUES (30, 11, '65 Minute');


--Inserare RECUPERARE
INSERT INTO RECUPERARE (ID_FIZIOTERAPEUT, ID_JUCATOR, TIP_ACCIDENTARE, DURATA_RECUPERARE)
VALUES (1, 2, 'Leziune ligament incrucisat anterior', '2 Luni');

INSERT INTO RECUPERARE (ID_FIZIOTERAPEUT, ID_JUCATOR, TIP_ACCIDENTARE, DURATA_RECUPERARE)
VALUES (3 ,5, 'Leziune ligament incrucisat anterior', '3 Luni');

INSERT INTO RECUPERARE (ID_FIZIOTERAPEUT, ID_JUCATOR, TIP_ACCIDENTARE, DURATA_RECUPERARE)
VALUES (4 ,9, 'Leziune ligament colateral medial', '1 Luni');

INSERT INTO RECUPERARE (ID_FIZIOTERAPEUT, ID_JUCATOR, TIP_ACCIDENTARE, DURATA_RECUPERARE)
VALUES (4, 8, 'Ruptura de menisc', '7 Luni');

INSERT INTO RECUPERARE (ID_FIZIOTERAPEUT, ID_JUCATOR, TIP_ACCIDENTARE, DURATA_RECUPERARE)
VALUES (9, 10, 'Ruptura de menisc', '8 Luni');

INSERT INTO RECUPERARE (ID_FIZIOTERAPEUT, ID_JUCATOR, TIP_ACCIDENTARE, DURATA_RECUPERARE)
VALUES (10, 20, 'Leziune ligament incrucisat anterior', '1 Luni');

INSERT INTO RECUPERARE (ID_FIZIOTERAPEUT, ID_JUCATOR, TIP_ACCIDENTARE, DURATA_RECUPERARE)
VALUES (2, 18, 'Leziune ligament incrucisat anterior', '2 Luni');

INSERT INTO RECUPERARE (ID_FIZIOTERAPEUT, ID_JUCATOR, TIP_ACCIDENTARE, DURATA_RECUPERARE)
VALUES (7, 23, 'Ruptura de menisc', '5 Luni');

INSERT INTO RECUPERARE (ID_FIZIOTERAPEUT, ID_JUCATOR, TIP_ACCIDENTARE, DURATA_RECUPERARE)
VALUES (6, 25, 'Leziune ligament colateral medial', '2 Luni');

INSERT INTO RECUPERARE (ID_FIZIOTERAPEUT, ID_JUCATOR, TIP_ACCIDENTARE, DURATA_RECUPERARE)
VALUES (8, 28, 'Ruptura de menisc', '4 Luni');


-- 6.
CREATE OR REPLACE PROCEDURE E6
IS 
    iterator VARCHAR2(1);
    v_nume_jucator JUCATOR.NUME%TYPE;
    TYPE tablou_indexat IS TABLE OF NUMBER INDEX BY VARCHAR2(1);
    t_vocale tablou_indexat;
    TYPE tablou_impricat IS TABLE OF JUCATOR.NUME%TYPE;
    t_nume tablou_impricat := tablou_impricat();
    TYPE vector IS VARRAY(5) OF JUCATOR.NUME%TYPE;
    v_pare vector := vector('A', 'E', 'I', 'O', 'U');
BEGIN
    t_vocale('A') := 0;
    t_vocale('E') := 0;
    t_vocale('I') := 0;
    t_vocale('O') := 0;
    t_vocale('U') := 0;
    SELECT NUME BULK COLLECT INTO t_nume
    FROM JUCATOR
    WHERE POZITIE IN ('ST', 'CAM', 'LW', 'RW');
    DBMS_OUTPUT.PUT_LINE('Atacanti: ');
    FOR i IN t_nume.FIRST..t_nume.LAST LOOP
        FOR j IN v_pare.FIRST..v_pare.LAST LOOP
            IF SUBSTR(t_nume(i), 1, 1) = v_pare(j) THEN
                t_vocale(v_pare(j)) := t_vocale(v_pare(j)) + 1;
                EXIT;
            END IF;
        END LOOP;
        DBMS_OUTPUT.PUT_LINE(t_nume(i));
    END LOOP;
    DBMS_OUTPUT.PUT_LINE('-----------------------');

    iterator := t_vocale.FIRST;
    WHILE iterator IS NOT NULL LOOP
        DBMS_OUTPUT.PUT_LINE('Numarul de atacanti al caror nume incepe cu vocala ' || iterator || ' este de ' || t_vocale(iterator));
        iterator := t_vocale.NEXT(iterator);
    END LOOP;
END E6;

BEGIN
    E6;
END;
/



-- 7.
CREATE OR REPLACE PROCEDURE E7(v_liga CLUB_DE_FOTBAL.LIGA%TYPE)
IS
    v_id JUCATOR.ID_JUCATOR%TYPE;
    v_nume JUCATOR.NUME%TYPE;
    v_prenume JUCATOR.PRENUME%TYPE;
    v_salariu JUCATOR.SALARIU%TYPE;

    v_cnt NUMBER;

    CURSOR cursor_jucatori IS
        SELECT J.ID_JUCATOR AS ID, J.NUME AS NUME, J.PRENUME AS PRENUME, J.SALARIU AS SALARIU
        FROM JUCATOR J
        JOIN CLUB_DE_FOTBAL CF ON J.ID_CLUB = CF.ID_CLUB
        WHERE CF.LIGA = v_liga
        AND J.SALARIU <= 300000;

    CURSOR cursor_accidentari(v_id JUCATOR.ID_JUCATOR%TYPE) IS
        SELECT R.TIP_ACCIDENTARE AS TIP_ACCIDENTARE, R.DURATA_RECUPERARE AS DURATA
        FROM RECUPERARE R
        WHERE R.ID_JUCATOR = v_id;
BEGIN
    OPEN cursor_jucatori;
    LOOP
        FETCH cursor_jucatori INTO v_id, v_nume, v_prenume, v_salariu;
        EXIT WHEN cursor_jucatori%NOTFOUND;
        DBMS_OUTPUT.PUT_LINE('Jucatorul ' || v_nume || ' ' || v_prenume || ' cu salariu de ' || v_salariu || ' a suferit urmatoarele accidentari grave: ');
        v_cnt := 0;
        FOR i IN cursor_accidentari(v_id) LOOP
            IF TO_NUMBER(SUBSTR(i.DURATA, 1, INSTR(i.DURATA, ' ') - 1)) >= 5 THEN
                DBMS_OUTPUT.PUT_LINE(i.TIP_ACCIDENTARE || ', recuperarea necesitand ' || i.DURATA);
                v_cnt := v_cnt + 1;
            END IF;
        END LOOP;
        IF v_cnt = 0 THEN
            DBMS_OUTPUT.PUT_LINE('Jucatorul nu a suferit accidentari grave');
            UPDATE JUCATOR
            SET SALARIU = SALARIU + 5000
            WHERE ID_JUCATOR = v_id;
            COMMIT;
        END IF;
        DBMS_OUTPUT.PUT_LINE('--------------------------------------');
    END LOOP;
    CLOSE cursor_jucatori;
END E7;
/

BEGIN
    DBMS_OUTPUT.PUT_LINE('Premier League: ');
    E7('Premier League');
    DBMS_OUTPUT.PUT_LINE('--------------------------------------');

    DBMS_OUTPUT.PUT_LINE('La Liga: ');
    E7('La Liga');
    DBMS_OUTPUT.PUT_LINE('--------------------------------------');
END;
/


-- 8.
CREATE OR REPLACE FUNCTION E8(v_nume_jucator JUCATOR.NUME%TYPE) RETURN NUMBER
IS 
    v_numar_meciuri_acasa NUMBER;
    v_numar_meciuri_deplasare NUMBER;
    v_meciuri_totale NUMBER;
    v_id_club JUCATOR.ID_CLUB%TYPE;
    v_id_jucator JUCATOR.ID_JUCATOR%TYPE;
    NU_ARE_ECHIPA EXCEPTION;
BEGIN
    BEGIN
        SELECT ID_JUCATOR, ID_CLUB INTO v_id_jucator, v_id_club
        FROM JUCATOR
        WHERE NUME = v_nume_jucator;
    EXCEPTION
        WHEN NO_DATA_FOUND THEN
            RAISE_APPLICATION_ERROR(-20001, 'Jucatorul nu exista');
        WHEN TOO_MANY_ROWS THEN
            RAISE_APPLICATION_ERROR(-20002, 'Exista mai multi jucatori cu acelasi nume');
    END;

    IF v_id_club IS NULL THEN
        RAISE NU_ARE_ECHIPA;
    END IF;

    SELECT COUNT(*) INTO v_numar_meciuri_acasa
    FROM MECI M
    JOIN CLUB_DE_FOTBAL CDF ON M.ID_CLUB_ACASA = CDF.ID_CLUB
    JOIN JUCATOR J ON J.ID_CLUB = CDF.ID_CLUB OR J.ID_CLUB = CDF.ID_CLUB
    WHERE J.NUME = v_nume_jucator 
    AND TO_NUMBER(SUBSTR(M.REZULTAT, 1, INSTR(M.REZULTAT, '-') - 1)) > TO_NUMBER(SUBSTR(M.REZULTAT, INSTR(M.REZULTAT, '-') + 1));
    
    SELECT COUNT(*) INTO v_numar_meciuri_deplasare
    FROM MECI M
    JOIN CLUB_DE_FOTBAL CDF ON M.ID_CLUB_DEPLASARE = CDF.ID_CLUB
    JOIN JUCATOR J ON J.ID_CLUB = CDF.ID_CLUB OR J.ID_CLUB = CDF.ID_CLUB
    WHERE J.NUME = v_nume_jucator 
    AND TO_NUMBER(SUBSTR(M.REZULTAT, 1, INSTR(M.REZULTAT, '-') - 1)) < TO_NUMBER(SUBSTR(M.REZULTAT, INSTR(M.REZULTAT, '-') + 1));
    
    v_meciuri_totale := v_numar_meciuri_acasa + v_numar_meciuri_deplasare;

    RETURN v_meciuri_totale;
EXCEPTION
    WHEN NU_ARE_ECHIPA THEN
        RAISE_APPLICATION_ERROR(-20003, 'Jucatorul nu are echipa');
    WHEN OTHERS THEN
        RAISE_APPLICATION_ERROR(-20004, 'Alte erori: ' || SQLERRM);
END E8;
/

BEGIN
    DBMS_OUTPUT.PUT_LINE('Jucatorul a participat la ' || E8('Kane') || ' meciuri castigate.');
END;
/
BEGIN
    DBMS_OUTPUT.PUT_LINE('Jucatorul a participat la ' || E8('Nu exista') || ' meciuri castigate.');
END;
/
BEGIN
    DBMS_OUTPUT.PUT_LINE('Jucatorul a participat la ' || E8('Oumar') || ' meciuri castigate.');
END;
/
BEGIN
    DBMS_OUTPUT.PUT_LINE('Jucatorul a participat la ' || E8('Declan') || ' meciuri castigate.');
END;
/


-- 9.
CREATE OR REPLACE PROCEDURE E9(v_durata ANTRENAMENT.DURATA%TYPE, v_nume_club CLUB_DE_FOTBAL.NUME%TYPE)
IS
    v_nr_antrenamente NUMBER := 0;
    v_salariu JUCATOR.SALARIU%TYPE;
    v_id_club CLUB_DE_FOTBAL.ID_CLUB%TYPE;
    DURATA_PREA_MICA EXCEPTION;
    NU_EXISTA_ANTRENAMENTE EXCEPTION;
BEGIN
    IF v_durata < 15 THEN
        RAISE DURATA_PREA_MICA;
    END IF;

    SELECT ID_CLUB INTO v_id_club
    FROM CLUB_DE_FOTBAL
    WHERE NUME = v_nume_club;

    SELECT COUNT(*) INTO v_nr_antrenamente
    FROM JUCATOR J
    JOIN ANTRENAMENT A ON A.ID_JUCATOR = J.ID_JUCATOR
    WHERE J.ID_CLUB = v_id_club;

    IF v_nr_antrenamente = 0 THEN
        RAISE NU_EXISTA_ANTRENAMENTE;
    END IF;

    FOR i IN (
        SELECT J.ID_JUCATOR AS ID, CDF.NUME AS NUME_CLUB, CA.NUME AS NUME_CENTRU, A.DURATA AS DURATA
        FROM JUCATOR J
        JOIN CLUB_DE_FOTBAL CDF ON J.ID_CLUB = CDF.ID_CLUB
        JOIN CENTRU_ANTRENAMENT_CLUB CAC ON CDF.ID_CLUB = CAC.ID_CLUB
        JOIN CENTRU_ANTRENAMENT CA ON CAC.ID_CENTRU_DE_ANTRENAMENT = CA.ID_CENTRU_DE_ANTRENAMENT
        JOIN ANTRENAMENT A ON CA.ID_CENTRU_DE_ANTRENAMENT = A.ID_CENTRU_DE_ANTRENAMENT  
        WHERE A.DURATA >= v_durata AND CDF.ID_CLUB = v_id_club AND A.ID_JUCATOR = J.ID_JUCATOR
    ) LOOP
        DBMS_OUTPUT.PUT_LINE(
            'ID Jucator: ' || i.ID ||
            ', Club: ' || i.NUME_CLUB ||
            ', Centru de antrenament: ' || i.NUME_CENTRU ||
            ', Durata: ' || i.DURATA
        );
    END LOOP;
    
EXCEPTION
    WHEN NO_DATA_FOUND THEN
        RAISE_APPLICATION_ERROR(-20005, 'Nu exista un club cu acest nume');
    WHEN DURATA_PREA_MICA THEN
        RAISE_APPLICATION_ERROR(-20006, 'Durata introdusa este prea mica');
    WHEN NU_EXISTA_ANTRENAMENTE THEN
        RAISE_APPLICATION_ERROR(-20007, 'Jucatorii clubului specificat nu au participat la antrenamente');
END E9;
/

BEGIN
    E9(30, 'Bayern Munchen');
END;
/
BEGIN
    E9(5, 'Real Madrid');
END;
/
BEGIN
    E9(15, 'Liverpool');
END;
/
BEGIN
    E9(40, 'Bayer Leverkusen');
END;
/


-- 10.
CREATE OR REPLACE TRIGGER E10
    BEFORE UPDATE OF ID_CLUB ON JUCATOR
BEGIN
    IF (TO_CHAR(SYSDATE, 'DD-MM') NOT BETWEEN '13-06' AND '04-09') THEN
        RAISE_APPLICATION_ERROR(-20008, 'Schimbarea echipei jucatorilor este permisa doar in perioada de transferuri');
    END IF;
END;
/

UPDATE JUCATOR
SET ID_CLUB = 10
WHERE ID_JUCATOR = 1;


-- 11.
CREATE OR REPLACE TRIGGER E11
    BEFORE UPDATE OF SALARIU ON JUCATOR
    FOR EACH ROW
DECLARE
    v_salariu_maxim JUCATOR.SALARIU%TYPE;
    v_nota STATISTICA.NOTA%TYPE;
    exceptie EXCEPTION;
BEGIN
    SELECT NOTA INTO v_nota
    FROM STATISTICA
    WHERE ID_JUCATOR = :OLD.ID_JUCATOR;

    CASE
        WHEN v_nota <= 7 THEN v_salariu_maxim := 100000;
        WHEN v_nota <= 9 AND v_nota > 7 THEN v_salariu_maxim := 250000;
        WHEN v_nota <= 10 AND v_nota > 9 THEN v_salariu_maxim := 400000;
    END CASE;

    IF (:NEW.SALARIU > v_salariu_maxim) AND (TRUNC(MONTHS_BETWEEN(SYSDATE, :OLD.DATA_NASTERII) / 12) >= 30) THEN
        RAISE exceptie;
    END IF;

EXCEPTION
    WHEN exceptie THEN
        RAISE_APPLICATION_ERROR(-20009, 'Nu se poate mari salariul');
END;
/

UPDATE JUCATOR
SET SALARIU =  300000
WHERE ID_JUCATOR = 6;


-- 12.
CREATE TABLE AUDIT_CLUB
(
    utilizator VARCHAR2(50),
    nume_baza_date VARCHAR2(50),
    eveniment VARCHAR2(50),
    nume_obiect VARCHAR2(50),
    tip_obiect VARCHAR2(50),
    data DATE
);

CREATE OR REPLACE TRIGGER E12
    AFTER CREATE OR DROP OR ALTER ON SCHEMA
BEGIN
    INSERT INTO AUDIT_CLUB VALUES (SYS.LOGIN_USER, SYS.DATABASE_NAME, SYS.SYSEVENT, SYS.DICTIONARY_OBJ_NAME, SYS.DICTIONARY_OBJ_TYPE, SYSDATE);
END;
/

CREATE TABLE SPONSOR
(
    nume VARCHAR2(50),
    buget NUMBER
);
ALTER TABLE SPONSOR ADD (data_fondare DATE);
INSERT INTO SPONSOR VALUES ('Nike', 1000000, '25-JAN-1964');
DROP TABLE SPONSOR;
SELECT * FROM AUDIT_CLUB;
ALTER TRIGGER E12 DISABLE;
DROP TABLE AUDIT_CLUB;